{"stats":{"minecraft:picked_up":{"minecraft:stone_button":7,"minecraft:cobblestone":67,"minecraft:redstone_torch":12,"minecraft:light_blue_concrete":11,"minecraft:lever":12,"minecraft:bucket":2,"minecraft:redstone":317,"minecraft:repeater":45,"minecraft:shulker_box":2,"minecraft:water_bucket":1,"minecraft:tnt":21802,"minecraft:pumpkin_pie":504,"minecraft:bone_meal":351},"minecraft:used":{"minecraft:grass_block":511,"minecraft:white_terracotta":129,"minecraft:repeater":2176,"minecraft:stone_slab":1,"minecraft:daylight_detector":3,"minecraft:brain_coral_fan":2,"minecraft:observer":2,"minecraft:magenta_concrete":796,"minecraft:fire_coral_fan":2,"minecraft:mangrove_sign":2,"minecraft:red_concrete":251,"minecraft:shulker_box":6,"minecraft:orange_concrete":535,"minecraft:tnt":9,"minecraft:pink_wool":419,"minecraft:sticky_piston":354,"minecraft:light_gray_concrete":569,"minecraft:light_gray_terracotta":169,"minecraft:glass_bottle":2,"minecraft:glass":6,"minecraft:oak_sign":3,"minecraft:dead_brain_coral_fan":2,"minecraft:light_gray_wool":264,"minecraft:command_block":1,"minecraft:black_terracotta":2,"minecraft:quartz_block":12,"minecraft:blue_wool":211,"minecraft:minecart":4,"minecraft:smooth_stone":326,"minecraft:lava_bucket":35,"minecraft:piston":207,"minecraft:quartz_slab":11,"minecraft:light_blue_wool":210,"minecraft:pale_oak_sign":19,"minecraft:cobblestone_wall":9,"minecraft:detector_rail":3,"minecraft:redstone":7581,"minecraft:blue_concrete":79,"minecraft:crafter":1,"minecraft:cobblestone":866,"minecraft:stone":205,"minecraft:hopper":99,"minecraft:cow_spawn_egg":1,"minecraft:pumpkin_pie":572,"minecraft:potion":17,"minecraft:birch_wood":4,"minecraft:cyan_concrete":440,"minecraft:blue_terracotta":125,"minecraft:dead_tube_coral_fan":1,"minecraft:oxidized_cut_copper_slab":1,"minecraft:black_concrete":687,"minecraft:honey_block":2,"minecraft:slime_block":44,"minecraft:water_bucket":45,"minecraft:purple_concrete":667,"minecraft:anvil":1,"minecraft:green_concrete":729,"minecraft:barrel":4,"minecraft:gray_concrete":510,"minecraft:dirt":181,"minecraft:obsidian":1682,"minecraft:red_wool":268,"minecraft:cyan_wool":452,"minecraft:yellow_concrete":384,"minecraft:dead_brain_coral":1,"minecraft:lever":156,"minecraft:white_concrete":1030,"minecraft:redstone_block":130,"minecraft:stone_button":88,"minecraft:dispenser":17,"minecraft:cake":14,"minecraft:composter":408,"minecraft:light_blue_terracotta":124,"minecraft:glow_ink_sac":3,"minecraft:copper_bulb":30,"minecraft:white_wool":236,"minecraft:red_terracotta":174,"minecraft:rail":1,"minecraft:waxed_copper_bulb":1,"minecraft:redstone_lamp":63,"minecraft:comparator":117,"minecraft:smooth_quartz_stairs":1,"minecraft:redstone_torch":138,"minecraft:light_blue_concrete":271,"minecraft:spyglass":70,"minecraft:chest":145,"minecraft:dead_horn_coral_fan":3,"minecraft:lime_concrete":415,"minecraft:cauldron":136,"minecraft:warped_sign":3,"minecraft:quartz_stairs":9,"minecraft:dropper":9,"minecraft:smooth_stone_slab":600,"minecraft:bedrock":7,"minecraft:brown_concrete":520},"minecraft:dropped":{"minecraft:redstone_block":1,"minecraft:sticky_piston":1,"minecraft:redstone_torch":1,"minecraft:leather_leggings":1,"minecraft:light_blue_concrete":1,"minecraft:redstone":3},"minecraft:custom":{"minecraft:time_since_rest":533606,"minecraft:inspect_dropper":15,"minecraft:walk_one_cm":1417309,"minecraft:leave_game":30,"minecraft:damage_taken":40,"minecraft:play_time":1752462,"minecraft:damage_dealt":71,"minecraft:jump":3039,"minecraft:time_since_death":533576,"minecraft:aviate_one_cm":28493,"minecraft:drop":8,"minecraft:use_cauldron":19,"minecraft:sprint_one_cm":119132,"minecraft:open_chest":90,"minecraft:fill_cauldron":8,"minecraft:inspect_dispenser":29,"minecraft:inspect_hopper":64,"minecraft:total_world_time":1829535,"minecraft:fly_one_cm":10670803,"minecraft:interact_with_anvil":1,"minecraft:walk_on_water_one_cm":122,"minecraft:crouch_one_cm":51780,"minecraft:sneak_time":68355,"minecraft:deaths":1}},"DataVersion":4325}