{"stats":{"minecraft:picked_up":{"minecraft:pale_oak_sign":1,"minecraft:porkchop":2,"minecraft:stone_button":3,"minecraft:redstone_torch":13,"minecraft:white_wool":2,"minecraft:composter":2,"minecraft:stone":2,"minecraft:redstone":61,"minecraft:repeater":3,"minecraft:redstone_lamp":1,"minecraft:bread":1,"minecraft:oak_sign":5,"minecraft:redstone_block":2,"minecraft:grass_block":1,"minecraft:sticky_piston":1,"minecraft:waxed_copper_bulb":1,"minecraft:pumpkin_pie":302,"minecraft:leather_leggings":1,"minecraft:comparator":32,"minecraft:spruce_trapdoor":128,"minecraft:bone_meal":17},"minecraft:used":{"minecraft:grass_block":219,"minecraft:white_terracotta":65,"minecraft:repeater":72,"minecraft:soul_soil":46,"minecraft:black_concrete":536,"minecraft:trapped_chest":1,"minecraft:sticky_piston":8,"minecraft:light_gray_terracotta":1,"minecraft:oak_sign":20,"minecraft:soul_campfire":5,"minecraft:anvil":6,"minecraft:soul_lantern":3,"minecraft:dirt":5,"minecraft:quartz_block":9,"minecraft:terracotta":58,"minecraft:smooth_stone":66,"minecraft:quartz_slab":136,"minecraft:redstone_block":7,"minecraft:pale_oak_sign":18,"minecraft:redstone":342,"minecraft:stone_button":19,"minecraft:orange_terracotta":8,"minecraft:composter":4,"minecraft:white_wool":349,"minecraft:stone":15,"minecraft:waxed_copper_bulb":2,"minecraft:hopper":9,"minecraft:comparator":72,"minecraft:redstone_lamp":16,"minecraft:nether_brick_fence":27,"minecraft:deepslate_tile_stairs":62,"minecraft:flint_and_steel":39,"minecraft:redstone_torch":43,"minecraft:pumpkin_pie":96,"minecraft:enchanting_table":1,"minecraft:smooth_stone_slab":5,"minecraft:bedrock":2,"minecraft:brown_concrete":39},"minecraft:dropped":{"minecraft:redstone_block":2,"minecraft:stone":2,"minecraft:pumpkin_pie":129,"minecraft:comparator":23,"minecraft:repeater":1,"minecraft:spruce_trapdoor":128,"minecraft:grass_block":1,"minecraft:composter":2,"minecraft:waxed_copper_bulb":1,"minecraft:oak_sign":3,"minecraft:redstone_lamp":1,"minecraft:white_wool":2},"minecraft:custom":{"minecraft:trigger_trapped_chest":2,"minecraft:time_since_rest":262664,"minecraft:walk_one_cm":476462,"minecraft:leave_game":6,"minecraft:mob_kills":1,"minecraft:damage_taken":160,"minecraft:play_time":262664,"minecraft:damage_dealt":100,"minecraft:jump":945,"minecraft:time_since_death":262664,"minecraft:drop":22,"minecraft:sprint_one_cm":11863,"minecraft:inspect_dispenser":1,"minecraft:inspect_hopper":36,"minecraft:total_world_time":262664,"minecraft:fly_one_cm":771537,"minecraft:interact_with_anvil":1,"minecraft:crouch_one_cm":2151,"minecraft:sneak_time":1752},"minecraft:killed":{"minecraft:pig":1}},"DataVersion":4325}